<?xml version="1.0" encoding="UTF-8"?>
<project-private xmlns="http://www.netbeans.org/ns/project-private/1">
    <editor-bookmarks xmlns="http://www.netbeans.org/ns/editor-bookmarks/2" lastBookmarkId="0"/>
    <open-files xmlns="http://www.netbeans.org/ns/projectui-open-files/2">
        <group>
            <file>file:/C:/Users/Elba_/Documents/NetBeansProjects/Cloud%20App/src/cloud/app/DisplayUsers.java</file>
            <file>file:/C:/Users/Elba_/Documents/NetBeansProjects/Cloud%20App/src/cloud/app/Welcome.java</file>
            <file>file:/C:/Users/Elba_/Documents/NetBeansProjects/Cloud%20App/src/cloud/app/User.java</file>
            <file>file:/C:/Users/Elba_/Documents/NetBeansProjects/Cloud%20App/src/cloud/app/ManageUserRoles.java</file>
            <file>file:/C:/Users/Elba_/Documents/NetBeansProjects/Cloud%20App/src/cloud/app/Register.java</file>
            <file>file:/C:/Users/Elba_/Documents/NetBeansProjects/Cloud%20App/src/cloud/app/DBMasterConnection.java</file>
            <file>file:/C:/Users/Elba_/Documents/NetBeansProjects/Cloud%20App/src/cloud/app/Login_form.java</file>
            <file>file:/C:/Users/Elba_/Documents/NetBeansProjects/Cloud%20App/src/cloud/app/role.java</file>
            <file>file:/C:/Users/Elba_/Documents/NetBeansProjects/Cloud%20App/src/cloud/app/MysqlConnect.java</file>
        </group>
    </open-files>
</project-private>
